"asa_code","regex"
"106012","106012:\s*(?<action>\S+)\s+IP\s+from\s+(?:(?<src_ip>(?:[\d+.]+,[0-9A-Za-f]*:[0-9A-Za-f]*:[0-9A-Za-f:]*)),(?<src_host>\S+))\s+to\s+(?:(?<dest_ip>(?:[\d+.]+,[0-9A-Za-f]*:[0-9A-Za-f]*:[0-9A-Za-f:]*)),(?<dest_host>\S+))\s*,\s*IP\s+options\s*\:?\s+(?:hex\.?,['""](?<ip_options>[^""]+)['""])"
"106023","106023:\s*(?<action>\S+)\s+(?<transport>\S+)\s+src(?:\s+(?<src_interface>[^:\s]+)\s*:\s*(?:(?<src_ip>(?:[\d+\.]+|[0-9A-Za-f]*:[0-9A-Za-f]*:[0-9A-Za-f:]*))|(?<src_host>[^\s\/\(]+))(?:\s*\/\s*(?<src_port>\d{1,5}))?)?(?:\s*\(\s*(?:(?:(?<src_nt_domain>[\S^\\]+)\\)?(?<src_user>[\w\-_]+)\s*,)?\s*(?<src_sg_info>[^\)\s]+)\s*\))?\s+dst\s+(?<dest_interface>[^:\s]+)\s*:\s*(?:(?<dest_ip>(?:[\d+\.]+|[0-9A-Za-f]*:[0-9A-Za-f]*:[0-9A-Za-f:]*))|(?<dest_host>[^\s\/\(]+))(?:\s*\/\s*(?<dest_port>\d+))?(?:\s*\(\s*(?:(?:(?<dest_nt_domain>[\S^\\]+)\\)?(?<dest_user>[\w\-_]+)\s*,)?\s*(?<dest_sg_info>[^\)\s]+)\s*\))?(?:(?:\s+|\s*\(\s*)type\s+(?<icmp_type>\d+)\s*,\s*code\s*(?<icmp_code>\d+)\s*\)?)?\s+by\s+(?<access_group>\S+)\s+(?:\'\s*|\""\s*)?(?<rule_id>[^\""\s]+)(?:\s*\'|\s*\"")?\s+(?<hash_codes>[^\]]+\])"
"106100","10610[03]:\s*access-list\s+(?<rule_id>\S+)\s*(?<action>\S+)?\s+(?<transport>\S+)\s+(for\s+user\s+['""]?(?<user>[^\s'""]+)['""]?\s+)?(?<src_interface>[^\/\s]+)\s*\/\s*(?:(?<src_ip>(?:[\d+.]+|[0-9A-Za-f]*:[0-9A-Za-f]*:[0-9A-Za-f:]*))|(?<src_host>[^\(\s]+))\s*\(?\s*(?<src_port>\d{1,5})\s*\)?\s*(?:\(\s*(?:(?<src_nt_domain>[\S^\\]+)\\)?(?<src_user>[\w\-_]+)\s*,\s*(?<src_sg_info>[^\)\s]+)\s*\))?\s*(?:\-\>)?\s*(?<dest_interface>[^\/\s]+)\s*\/\s*(?:(?<dest_ip>(?:[\d+.]+|[0-9A-Za-f]*:[0-9A-Za-f]*:[0-9A-Za-f:]*))|(?<dest_host>[^\(\s]+))\s*\(?\s*(?<dest_port>\d{1,5})\s*\)?(?:\s*\(\s*(?:(?<dest_nt_domain>[\S^\\]+)\\)?(?<dest_user>[\w\-_]+)\s*,\s*(?<dest_sg_info>[^\)\s]+)\s*\))?\s+hit-cnt\s+(?<hit_cnt>\d+)\s*\(?\s*(?:first\s+hit|(?<hit_cnt_interval>\d+)\s*-second\s+interval)\s*\)?\s+(?<hash_codes>[^]]+])"
"106103","10610[03]:\s*access-list\s+(?<rule_id>\S+)\s*(?<action>\S+)?\s+(?<transport>\S+)\s+(for\s+user\s+['""]?(?<user>[^\s'""]+)['""]?\s+)?(?<src_interface>[^\/\s]+)\s*\/\s*(?:(?<src_ip>(?:[\d+.]+|[0-9A-Za-f]*:[0-9A-Za-f]*:[0-9A-Za-f:]*))|(?<src_host>[^\(\s]+))\s*\(?\s*(?<src_port>\d{1,5})\s*\)?\s*(?:\(\s*(?:(?<src_nt_domain>[\S^\\]+)\\)?(?<src_user>[\w\-_]+)\s*,\s*(?<src_sg_info>[^\)\s]+)\s*\))?\s*(?:\-\>)?\s*(?<dest_interface>[^\/\s]+)\s*\/\s*(?:(?<dest_ip>(?:[\d+.]+|[0-9A-Za-f]*:[0-9A-Za-f]*:[0-9A-Za-f:]*))|(?<dest_host>[^\(\s]+))\s*\(?\s*(?<dest_port>\d{1,5})\s*\)?(?:\s*\(\s*(?:(?<dest_nt_domain>[\S^\\]+)\\)?(?<dest_user>[\w\-_]+)\s*,\s*(?<dest_sg_info>[^\)\s]+)\s*\))?\s+hit-cnt\s+(?<hit_cnt>\d+)\s*\(?\s*(?:first\s+hit|(?<hit_cnt_interval>\d+)\s*-second\s+interval)\s*\)?\s+(?<hash_codes>[^\]]+])"
"113003","113003:\s*AAA\s+group\s+policy\s+for\s+user\s+(?<user>\S+)\s+is\s+being\s+(?<action>\S+)\s+to\s+(?<object>.+?)[\.\s]*$"
"113004","11300[45]:\s*AAA\s+user\s+(?:authentication|(?<signature>\S+))\s+(?<action>\S+)\s*:(?:\s*reason\s*=\s*(?<reason>.*[^:\s])\s*:)?\s*server\s*=\s*(?:(?<dest_ip>(?:[\d+.]+|[0-9A-Za-f]*:[0-9A-Za-f]*:[0-9A-Za-f:]*))|(?<dest_host>\S+))\s*[:,]\s*[uU]ser\s*=\s*(?<user>[^:\s]+)(?:\s*:\s*user\s+IP\s*=\s*(?<src_ip>\S+))?"
"113008","113008:\s*AAA.*user = (?<user>\S+)"
"113009","113009:\s*AAA.*group policy (?<group_policy>.*) for user = (?<user>\S+)"
"113011","113011:\s*AAA.*group policy (?<group_policy>.*) for user = (?<user>\S+)"
"113012","113012:\s*AAA.*for user = (?<user>\S+)"
"113019","113019:\s*Group *= *(?<group>[^,]+)\s*,\s*Username\s*=\s*(?<user>[^,\s]+)\s*,\s*IP\s*=\s*(?<src_ip>\S+)\s*,\s*Session\s+disconnected\s*.\s*Session\s+Type\s*:\s*(?<signature>[^,\s]+)\s*,\s*[Dd]uration:?\s*(?:(?<duration_day>\d+)[dD])?\s*(?<duration_hour>\d+)[Hh]?\s*:\s*(?<duration_minute>\d+)[Mm]?\s*:\s*(?<duration_second>\d+)[Ss]?\s*,\s*Bytes\s+xmt\s*:\s*(?<bytes_out>\d+)\s*,\s*Bytes\s+rcv\s*:\s*(?<bytes_in>\d+)\s*,\s*Reason\s*:\s*(?<reason>.+)"
"113039","113039: *Group *<?(?<group>[^>]+)>?\s*User\s*<?(?<user>[^>\s]+)>?\s*IP\s*<?(?<src_ip>[^\>,\s]+)>?\s+(?<signature>\S+)"
"302014","30201[46]:\s*(?<action>\S+)\s+(?<transport>\S+)\s+connection\s+(?<session_id>\d+)\s+for\s+(?<src_interface>[^:\s]+)\s*:\s*(?:(?<src_ip>(?:[\d+.]+|[0-9A-Za-f]*:[0-9A-Za-f]*:[0-9A-Za-f:]*))|(?<src_host>\S+))\s*\/\s*(?<src_port>\d{1,5})(?:\s*\(\s*(?:(?<src_nt_domain>[\S^\\]+)\\)?(?<src_user>[\w\-_]+)\s*\))?\s+to\s+(?<dest_interface>[^:]+)\s*:\s*(?:(?<dest_ip>(?:[\d+.]+|[0-9A-Za-f]*:[0-9A-Za-f]*:[0-9A-Za-f:]*))|(?<dest_host>\S+))\s*\/\s*(?<dest_port>\d{1,5})(?:\s*\(\s*(?:(?<dest_nt_domain>[\S^\\]+)\\)?(?<dest_user>[\w\-_]+)\s*\))?\s+[Dd]uration:?\s*(?:(?<duration_day>\d+)[dD])?\s*(?<duration_hour>\d+)[Hh]?\s*:\s*(?<duration_minute>\d+)[Mm]?\s*:\s*(?<duration_second>\d+)[Ss]?\s+bytes\s+(?<bytes>\d+)\s*(?:(?<reason>.+?(?=\s+from))\s+from\s+(?<teardown_initiator>\S+)|(?<reason_ALT>[^\(]+))?\s*(?:\(\s*(?<user>[^\)\s]+)\s*\))?"
"302016","30201[46]:\s*(?<action>\S+)\s+(?<transport>\S+)\s+connection\s+(?<session_id>\d+)\s+for\s+(?<src_interface>[^:\s]+)\s*:\s*(?:(?<src_ip>(?:[\d+.]+|[0-9A-Za-f]*:[0-9A-Za-f]*:[0-9A-Za-f:]*))|(?<src_host>\S+))\s*\/\s*(?<src_port>\d{1,5})(?:\s*\(\s*(?:(?<src_nt_domain>[\S^\\]+)\\)?(?<src_user>[\w\-_]+)\s*\))?\s+to\s+(?<dest_interface>[^:]+)\s*:\s*(?:(?<dest_ip>(?:[\d+.]+|[0-9A-Za-f]*:[0-9A-Za-f]*:[0-9A-Za-f:]*))|(?<dest_host>\S+))\s*\/\s*(?<dest_port>\d{1,5})(?:\s*\(\s*(?:(?<dest_nt_domain>[\S^\\]+)\\)?(?<dest_user>[\w\-_]+)\s*\))?\s+[Dd]uration:?\s*(?:(?<duration_day>\d+)[dD])?\s*(?<duration_hour>\d+)[Hh]?\s*:\s*(?<duration_minute>\d+)[Mm]?\s*:\s*(?<duration_second>\d+)[Ss]?\s+bytes\s+(?<bytes>\d+)\s*(?:(?<reason>.+?(?=\s+from))\s+from\s+(?<teardown_initiator>\S+)|(?<reason_ALT>[^\(]+))?\s*(?:\(\s*(?<user>[^\)\s]+)\s*\))?"
"302013","30201[35]:\s*(?<action>\S+)\s+(?<direction>\w+bound)\s+(?<transport>\S+)(?:\s+connection)?\s+(?<session_id>\d+)\s+for\s+(?<src_interface>[^:]+)\s*:\s*(?:(?<src_ip>(?:[\d+\.]+|[0-9A-Za-f]*:[0-9A-Za-f]*:[0-9A-Za-f:]*))|(?<src_host>\S+))\s*\/\s*(?<src_port>\d+)\s*(?:\(\s*(?:(?<src_translated_ip>(?:[\d+\.]+|[0-9A-Za-f]*:[0-9A-Za-f]*:[0-9A-Za-f:]*))|(?<src_translated_host>\S+))\s*\/\s*(?<src_translated_port>\d+)\s*\)(?:\s*\(\s*(?:(?<src_nt_domain>[\S^\\\[]+)\s*[\\\[]\s*)?(?<src_user>[^\s\|\)]+)(?:[^\]]+\])?\s*\))?\s+to\s+(?<dest_interface>[^:]+)\s*:\s*(?:(?<dest_ip>(?:[\d+\.]+|[0-9A-Za-f]*:[0-9A-Za-f]*:[0-9A-Za-f:]*))|(?<dest_host>\S+))\s*\/\s*(?<dest_port>\d{1,5})\s*\(\s*(?:(?<dest_translated_ip>(?:[\d+\.]+|[0-9A-Za-f]*:[0-9A-Za-f]*:[0-9A-Za-f:]*))|(?<dest_translated_host>\S+))\s*\/\s*(?<dest_translated_port>\d+)\s*\)(?:\s*\(\s*(?:(?<dest_nt_domain>[\S^\\]+)\\)?(?<dest_user>[\w\-_]+)\s*\))?(?:\s*\(\s*(?<user>[^\)\s]+)\s*\))?|\(\s*(?<user_ALT>\S+)\s*\))"
"302015","30201[35]:\s*(?<action>\S+)\s+(?<direction>\w+bound)\s+(?<transport>\S+)(?:\s+connection)?\s+(?<session_id>\d+)\s+for\s+(?<src_interface>[^:]+)\s*:\s*(?:(?<src_ip>(?:[\d+\.]+|[0-9A-Za-f]*:[0-9A-Za-f]*:[0-9A-Za-f:]*))|(?<src_host>\S+))\s*\/\s*(?<src_port>\d+)\s*(?:\(\s*(?:(?<src_translated_ip>(?:[\d+\.]+|[0-9A-Za-f]*:[0-9A-Za-f]*:[0-9A-Za-f:]*))|(?<src_translated_host>\S+))\s*\/\s*(?<src_translated_port>\d+)\s*\)(?:\s*\(\s*(?:(?<src_nt_domain>[\S^\\\[]+)\s*[\\\[]\s*)?(?<src_user>[^\s\|\)]+)(?:[^\]]+\])?\s*\))?\s+to\s+(?<dest_interface>[^:]+)\s*:\s*(?:(?<dest_ip>(?:[\d+\.]+|[0-9A-Za-f]*:[0-9A-Za-f]*:[0-9A-Za-f:]*))|(?<dest_host>\S+))\s*\/\s*(?<dest_port>\d{1,5})\s*\(\s*(?:(?<dest_translated_ip>(?:[\d+\.]+|[0-9A-Za-f]*:[0-9A-Za-f]*:[0-9A-Za-f:]*))|(?<dest_translated_host>\S+))\s*\/\s*(?<dest_translated_port>\d+)\s*\)(?:\s*\(\s*(?:(?<dest_nt_domain>[\S^\\]+)\\)?(?<dest_user>[\w\-_]+)\s*\))?(?:\s*\(\s*(?<user>[^\)\s]+)\s*\))?|\(\s*(?<user_ALT>\S+)\s*\))"
"716001","716001: Group (?<group>.*?) User (?<user>.*?) IP (?<vpn_client_ip>.*?) WebVPN session started
"716002","716002: Group (?<group>.*?) User (?<user>.*?) IP (?<vpn_client_ip>.*?) WebVPN session terminated
"716006","716006: Group (?<group>.*?) User (?<user>.*?) WebVPN session terminated"
"716007","716007: Group (?<group>.*?) User (?<user>.*?) WebVPN Unable to create session"
"716009","716009: Group (?<group>.*?) User (?<user>.*?) WebVPN session not allowed"
"716038","716038: Group (?<group>.*?) User (?<user>.*?) IP (?<vpn_client_ip>.*?) Authentication: successful, Session Type: WebVPN"
"716039","716039: Authentication: rejected, group = (?<group>.*?) user = (?<user>.*?) , Session Type: (?<session_type>.*)"
"716058","716058: Group (?<group>.*?) User (?<user>.*?) IP (?<vpn_client_ip>.*?) AnyConnect session lost"
"716059","716059: Group (?<group>.*?) User (?<user>.*?) IP (?<vpn_client_ip>.*?) AnyConnect session resumed"
"716603","716603:\s*Received\s+(?<bytes_in>\d+)\s+KB\s+Hostscan\s+data\s+from\s+IP\s+(?:\<\s*)?(?:(?<src_ip>(?:\d+\.\d+\.\d+\.\d+|[0-9A-Za-f]*:[0-9A-Za-f]*:[0-9A-Za-f:]*))|(?<src_host>[^\s\>]+))"
"722001","72200[13]: *IP +(?:\<\s*)?(?<src_ip>[^\>\s]+)(?:\s*\>)?"
"722003","72200[13]: *IP +(?:\<\s*)?(?<src_ip>[^\>\s]+)(?:\s*\>)?"
"722010","72201[012]: *Group +(?:\<\s*)?(?<group>[^\>]+)(?:\s*\>)?\s+User\s+(?:\<\s*)?(?<user>[^\>\s]+)(?:\s*\>)?\s+IP\s+(?:\<\s*)?(?<src_ip>[^\s\>]+)(?:\s*\>)?\s+SVC\s+Message\s*:\s*(?<message_type>\d+)\s*\/\s*\S+\s*:\s*(?<message>.+?)[\s\.]*$"
"722011","72201[012]: *Group +(?:\<\s*)?(?<group>[^\>]+)(?:\s*\>)?\s+User\s+(?:\<\s*)?(?<user>[^\>\s]+)(?:\s*\>)?\s+IP\s+(?:\<\s*)?(?<src_ip>[^\s\>]+)(?:\s*\>)?\s+SVC\s+Message\s*:\s*(?<message_type>\d+)\s*\/\s*\S+\s*:\s*(?<message>.+?)[\s\.]*$"
"722012","72201[012]: *Group +(?:\<\s*)?(?<group>[^\>]+)(?:\s*\>)?\s+User\s+(?:\<\s*)?(?<user>[^\>\s]+)(?:\s*\>)?\s+IP\s+(?:\<\s*)?(?<src_ip>[^\s\>]+)(?:\s*\>)?\s+SVC\s+Message\s*:\s*(?<message_type>\d+)\s*\/\s*\S+\s*:\s*(?<message>.+?)[\s\.]*$"
"722022","722022: *Group +(?:\<\s*)?(?<group>[^\>]+)(?:\s*\>)?\s+User\s+(?:\<\s*)?(?<user>[^\>\s]+)(?:\s*\>)?\s+IP\s+(?:\<\s*)?(?<src_ip>[^\s\>]+)(?:\s*\>)?\s+(?<transport>\S+)(?:\s+(?<signature>SVC))?\s+connection\s+(?<vendor_action>\S+)"
"722023","722023: *Group +(?:\<\s*)?(?<group>[^\>]+)(?:\s*\>)?\s+User\s+(?:\<\s*)?(?<user>[^\>\s]+)(?:\s*\>)?\s+IP\s*(?:\<\s*)?(?<dest_ip>[^\>\s]+)(?:\s*\>)?(?:\s+(?<transport>\S+))?\s+(?<signature>\S+)\s+connection\s+(?<vendor_action>\S+)"
"722028","722028: *Group +(?:\<\s*)?(?<group>[^\>]+)(?:\s*\>)?\s+User\s+(?:\<\s*)?(?<user>[^\>\s]+)(?:\s*\>)?\s+IP\s+(?:\<\s*)?(?<dest_ip>[^\>\s]+)(?:\s*\>)?\s+Stale\s+(?<signature>\S+)\s+connection\s+(?<vendor_action>\w+)"
"722029","722029: *Group +(?:<\s*)?(?<group>[^\>]+)(?:\s*>)?\s+User\s+(?:<\s*)?(?<user>[^\>\s]+)(?:\s*>)?\s+IP\s+(?:<\s*)?(?<src_ip>[^\>\s]+)(?:\s*>)?\s+(?<signature>\S+)\s+Session\s+(?<vendor_action>\S+)\s*:\s*Conns\s*:\s*(?<total_connections>\d+)\s*,\s*DPD\s+Conns\s*:\s*(?<number_of_reconnections>\d+)\s*,\s*Comp\s+resets\s*:\s*(?<compression_resets>\d+)\s*,\s*Dcmp\s+resets\s*:\s*(?<decompression_resets>\d+)\.?"
"722030","722030: *Group +(?:<\s*)?(?<group>[^>]+)(?:\s*>)?\s+User\s+(?:<\s*)?(?<user>[^>\s]+)(?:\s*>)?\s*IP\s+(?:<\s*)?(?<src_ip>[^>\s]+)(?:\s*>)?\s+(?<signature>\S+)\s+Session\s+(?<vendor_action>\S+)\s*:\s*In\s*:\s*(?<inbound_data_bytes>\d+)\s*\(\s*\+(?<inbound_control_bytes>\d+)\s*\)\s*bytes\s*,\s*(?<inbound_data_packets>\d+)\s*\(\s*\+(?<inbound_control_packets>\d+)\s*\)\s*packets\s*,\s*(?<dropped_inbound_packets>\d+)"
"722031","722031: *Group +(?:<\s*)?(?<group>[^>]+)(?:\s*>)?\s*User\s+(?:<\s*)?(?<user>[^>\s]+)(?:\s*>)?\s+IP\s+(?:<\s*)?(?<src_ip>[^>\s]+)(?:\s*>)?\s+(?<signature>\S+)\s+Session\s+(?<vendor_action>\S+)\s*:\s*Out\s*:\s*(?<outbound_data_bytes>\d+)\s+\(\s*\+(?<outbound_control_bytes>\d+)\s*\)\s*bytes\s*,\s*(?<outbound_data_packets>\d+)\s*\(\s*\+(?<outbound_control_packets>\d+)\s*\)\s*packets\s*,\s*(?<dropped_outbound_packets>\d+)"
"722032","72203[2-4]: *Group +(?:\<\s*)?(?<group>[^\>]+)(?:\s*\>)?\s+User\s+(?:\<\s*)?(?<user>[^\>\s]+)(?:\s*\>)?\s+IP\s+(?:\<\s*)?(?<src_ip>[^>\s]+)(?:\s*\>)?\s+\S+\s*(?<transport>\S+)?\s+SVC\s+connection(?:\s+(?<vendor_action>\S+))?"
"722033","72203[2-4]: *Group +(?:\<\s*)?(?<group>[^\>]+)(?:\s*\>)?\s+User\s+(?:\<\s*)?(?<user>[^\>\s]+)(?:\s*\>)?\s+IP\s+(?:\<\s*)?(?<src_ip>[^>\s]+)(?:\s*\>)?\s+\S+\s*(?<transport>\S+)?\s+SVC\s+connection(?:\s+(?<vendor_action>\S+))?"
"722034","72203[2-4]: *Group +(?:\<\s*)?(?<group>[^\>]+)(?:\s*\>)?\s+User\s+(?:\<\s*)?(?<user>[^\>\s]+)(?:\s*\>)?\s+IP\s+(?:\<\s*)?(?<src_ip>[^>\s]+)(?:\s*\>)?\s+\S+\s*(?<transport>\S+)?\s+SVC\s+connection(?:\s+(?<vendor_action>\S+))?"
"722036","722036: *Group +(?:<\s*)?(?<group>[^\>]+)(?:\s*>)?\s+User\s+(?:<\s*)?(?<user>[^\>\s]+)(?:\s*>)?\s+IP\s+(?:<\s*)?(?<dest_ip>[^\>\s]+)(?:\s*>)?\s+Transmitting\s+large\s+packet\s+(?<bytes_out>\d+)\s*\(\s*threshold\s*(?<threshold>\d+)\s*\)"
"722037","722037: *Group +(?:\<\s*)?(?<group>[^\>]+)(?:\s*\>)?\s+User\s+(?:\<\s*)?(?<user>[^\>\s]+)(?:\s*\>)?\s+IP\s+(?:\<\s*)?(?<dest_ip>[^\>\s]+)(?:\s*\>)?\s+(?<signature>\S+)\s+(?<vendor_action>\S+)\s+connection\s*:\s*(?<reason>.+?)[\s\.]*$"
"722041","722041:\s*TunnelGroup\s+(?:\<\s*)?(?<tunnel_group>[^\>\s]+)(?:\s*\>)?\s+GroupPolicy\s+(?:\<\s*)?(?<group_policy>[^\>]+)(?:\s*\>)?\s+User\s+(?:\<\s*)?(?<user>[^\>\s]+)(?:\s*\>)?\s+IP\s+(?:\<\s*)?(?<src_ip>[^\>\s]+)(?:\s*\>)?"
"722051","722051: *Group +(?:\<\s*)?(?<group>[^\>]+)(?:\>\s*)?\s+User\s+(?:\<\s*)?(?<user>[^\>\s]+)(?:\>\s*)?\s+IP\s+(?:\<\s*)?(?<src_ip>[^\>\s]+)(?:\>\s*)?\s+IPv4\s+[Aa]ddress\s+(?:\<\s*)?(?<assigned_ipv4>[^\>\s]+)(?:\>\s*)?\s+IPv6\s+[Aa]ddress\s+(?:\<\s*)?(?<assigned_ipv6>[^\>\s]+)(?:\>\s*)?\s+(?<vendor_action>\S+)"
"722053","72205[35]: *Group +(?:\<\s*)?(?<group>[^\>]+)(?:\s*\>)?\s+User\s+(?:\<\s*)?(?<user>[^\>\s]+)(?:\s*\>)?\s+IP\s+(?:\<\s*)?(?<src_ip>[^\>\s]+)(?:\s*\>)?(?:\s+Unknown)?\s+(?:client\s+(?:\<\s*)?(?<user_agent>[^\>]+)(?:\s*\>)?\s+connection|Client\s+Type\s*:\s+?<user_agent_ALT>(.+))?"
"722055","72205[35]: *Group +(?:\<\s*)?(?<group>[^\>]+)(?:\s*\>)?\s+User\s+(?:\<\s*)?(?<user>[^\>\s]+)(?:\s*\>)?\s+IP\s+(?:\<\s*)?(?<src_ip>[^\>\s]+)(?:\s*\>)?(?:\s+Unknown)?\s+(?:client\s+(?:\<\s*)?(?<user_agent>[^\>]+)(?:\s*\>)?\s+connection|Client\s+Type\s*:\s+?<user_agent_ALT>(.+))?"
"725001","72500[12]:\s*(?:Starting|Device\s+completed)\s+SSL\s+handshake\s+with\s+(?<peer_type>\S+)\s+(?<src_interface>[^:\s]+)\s*:\s*(?:(?<src_ip>(?:[\d+.]+|[0-9A-Za-f]*:[0-9A-Za-f]*:[0-9A-Za-f:]*))|(?<src_host>\S+))\s*\/\s*(?<src_port>\S+)\s+to\s+(?:(?<dest_ip>(?:[\d+.]+|[0-9A-Za-f]*:[0-9A-Za-f]*:[0-9A-Za-f:]*))|(?<dest_host>\S+))\s*\/\s*(?<dest_port>\S+)\s+for"
"725002","72500[12]:\s*(?:Starting|Device\s+completed)\s+SSL\s+handshake\s+with\s+(?<peer_type>\S+)\s+(?<src_interface>[^:\s]+)\s*:\s*(?:(?<src_ip>(?:[\d+.]+|[0-9A-Za-f]*:[0-9A-Za-f]*:[0-9A-Za-f:]*))|(?<src_host>\S+))\s*\/\s*(?<src_port>\S+)\s+to\s+(?:(?<dest_ip>(?:[\d+.]+|[0-9A-Za-f]*:[0-9A-Za-f]*:[0-9A-Za-f:]*))|(?<dest_host>\S+))\s*\/\s*(?<dest_port>\S+)\s+for"
"725003","725003:\s*SSL\s+(?<peer_type>\S+)\s+(?<src_interface>[^:\s]+)\s*:\s*(?:(?<src_ip>(?:[\d+.]+|[0-9A-Za-f]*:[0-9A-Za-f]*:[0-9A-Za-f:]*))|(?<src_host>\S+))\s*\/\s*(?<src_port>\d{1,5})\s+(?:to\s+(?:(?<dest_ip>(?:[\d+.]+|[0-9A-Za-f]*:[0-9A-Za-f]*:[0-9A-Za-f:]*))|(?<dest_host>\S+))\s*\/\s*(?<dest_port>\d{1,5})\s+)?"
"725006","72500[67]:\s*(?:Device\s+(?<vendor_action>\S+)\s+)?SSL\s+\S+\s+with\s+(?<peer_type>\S+)\s+(?<src_interface>[^:\s]+)\s*:\s*(?:(?<src_ip>(?:[\d+.]+|[0-9A-Za-f]*:[0-9A-Za-f]*:[0-9A-Za-f:]*))|(?<src_host>\S+))\s*\/\s*(?<src_port>\d{1,5})(?:\s+to\s+(?:(?<dest_ip>(?:[\d+.]+|[0-9A-Za-f]*:[0-9A-Za-f]*:[0-9A-Za-f:]*))|(?<dest_host>\S+))\s*\/\s*(?<dest_port>\d{1,5}))?(?:\s+(?<vendor_action_ALT>\w+))?"
"725007","72500[67]:\s*(?:Device\s+(?<vendor_action>\S+)\s+)?SSL\s+\S+\s+with\s+(?<peer_type>\S+)\s+(?<src_interface>[^:\s]+)\s*:\s*(?:(?<src_ip>(?:[\d+.]+|[0-9A-Za-f]*:[0-9A-Za-f]*:[0-9A-Za-f:]*))|(?<src_host>\S+))\s*\/\s*(?<src_port>\d{1,5})(?:\s+to\s+(?:(?<dest_ip>(?:[\d+.]+|[0-9A-Za-f]*:[0-9A-Za-f]*:[0-9A-Za-f:]*))|(?<dest_host>\S+))\s*\/\s*(?<dest_port>\d{1,5}))?(?:\s+(?<vendor_action_ALT>\w+))?"
"725008","725008:\s*SSL\s+(?<peer_type>\S+)\s+(?<src_interface>[^:\s]+)\s*:\s*(?:(?<src_ip>(?:[\d+.]+|[0-9A-Za-f]*:[0-9A-Za-f]*:[0-9A-Za-f:]*))|(?<src_host>\S+))\s*\/\s*(?<src_port>\d{1,5})\s+to\s+(?:(?<dest_ip>(?:[\d+.]+|[0-9A-Za-f]*:[0-9A-Za-f]*:[0-9A-Za-f:]*))|(?<dest_host>\S+))\s*\/\s*(?<dest_port>\d{1,5})\s+proposes\s+the\s+following\s+(?<supported_ciphers>\d+)\s+cipher(?:\(s\))?\.?"
"725010","725010: *Device +supports +the +following +(?<supported_ciphers>\d+)"
"725011","725011:?\s*Cipher\s*\[\s*(?<order>\d+) *\] *: *(?<cipher_name>.+)"
"725012","725012:\s*Device\s+chooses\s+cipher\s+(?<cipher_name>.+?(?=\s+for))\s+for\s+the\s+SSL\s+session\s+with\s+(?<peer_type>\S+)\s+(?<src_interface>[^:\s]+)\s*:\s*(?:(?<src_ip>(?:[\d+.]+|[0-9A-Za-f]*:[0-9A-Za-f]*:[0-9A-Za-f:]*))|(?<src_host>\S+))\s*\/\s*(?<src_port>\d{1,5})\s+to\s+(?:(?<dest_ip>(?:[\d+.]+|[0-9A-Za-f]*:[0-9A-Za-f]*:[0-9A-Za-f:]*))|(?<dest_host>\S+))\s*\/\s*(?<dest_port>\d{1,5})"
"725014","SSL\s+lib\s+error *\. *Function\s*:\s*(?<function>\S+)\s+Reason\s*:\s*(?<reason>.+?)[\s\.]*$"
"505007","505007: *(?<object_category>\S+) +(?<object_id>\S+) +(?:(?:in\s+slot\s+)?(?<slot_num>\d+)\s+)?is\s+(?<action>[^\.\s]+)"
"505008","505008: *Module +(?<object_id>\S+)\s+(?:(?:in\s+slot\s+)?(?<slot_num>\d+)\s+)?(?<object_category>\S+)\s+is\s+being\s+(?<action>\S+)\s+to\s+(?<new_app_version>\S+)\s*\(\s*currently\s+(?<old_app_version>[^\s\)]+)\s*\)"
"505009","505009: *Module +(?<object_id>\S+)\s+(?<object_category>\S+)\s+was\s+(?<vendor_action>\S+)\s+to\s+(?<new_app_version>.+?)[\s\.]*$"
"505010","505010: *Module +(?<object_id>\S+)\s+slot\s+(?<slot_num>\S+)\s+(?<action>\w+)"
"505011","505011: *Module +(?<object>[^,\s]+)"
"505012","505012: *Module +(?<object_id>[^\s,]+)(?:\s+in\s+slot\s+(?<slot_num>\d+))?\s*,\s*application\s+(?<action>\S+)\s+(?<app_name>[^\s,]+)\s*,\s*version\s+(?<app_version>\S+)"
"505013","505013: *Module +(?<object_id>[^\s,]+)(?:\s+in\s+slot\s+(?<slot_num>\d+))?\s+application\s+(?<action>\S+)\s+from\s*:\s*(?<old_app_name>\S+)\s+version\s+(?<old_app_version>\S+)\s+to\s*:\s*(?<new_app_name>\S+)\s+version\s+(?<new_app_version>.+?)[\s\.]*$"
"505014","505014: *Module +(?<object_id>[^\s,]+)(?:\s+in\s+slot\s+(?<slot_num>\d+))?\s*,\s*application\s+down\s+(?<app_name>[^\s,]+)\s*,\s*version\s+(?<app_version>\S+)\s+(?<reason>.+)"
"505015","505015: *Module +(?<object_id>[^\s,]+)(?:\s+in\s+slot\s+(?<slot_num>\d+))?\s*,\s*(?<object_category>\S+)\s+(?<action>\S+)\s+(?<app_name>[^,\s]+)\s*,\s*version\s+(?<app_version>\S+)"
"505016","505016: *Module +(?<object_id>[^\s,]+)(?:\s+in\s+slot\s+(?<slot_num>\d+))?\s+application\s+(?<action>\S+)\s+from\s*:\s*(?<old_app_name>\S+)\s+version\s+(?<old_app_version>\S+)\s+state\s+(?<old_state>\S+)\s+to\s*:\s*(?<new_app_name>\S+)\s+(?<new_app_version>\S+)\s+state\s+(?<new_state>[^\s.]+)"
"751025","751025:\s*Local\s*:\s*(?:(?<dest_ip>(?:[\d+.]+|[0-9A-Za-f]*:[0-9A-Za-f]*:[0-9A-Za-f:]*))|(?<dest_host>\S+))\s*:\s*(?<dest_port>\d+)\s+Remote\s*:\s*(?:(?<src_ip>(?:[\d+.]+|[0-9A-Za-f]*:[0-9A-Za-f]*:[0-9A-Za-f:]*))|(?<src_host>\S+))\s*:\s*(?<src_port>\d+)\s+Username\s*:\s*(?<user>.+?(?=\s+Group))\s+Group\s*:\s*(?<group>.+)\s+IPv4\s+[Aa]ddress\s*=\s*(?<assigned_ipv4>\S+)\s+IPv6\s+[Aa]ddress\s*=\s*(?<assigned_ipv6>\S+)\s+(?<vendor_action>\S+)"
"751026","751026:\s*Local\s*:\s*(?:(?<dest_ip>(?:[\d+.]+|[0-9A-Za-f]*:[0-9A-Za-f]*:[0-9A-Za-f:]*))|(?<dest_host>\S+))\s*:\s*(?<dest_port>\d+)\s+Remote\s*:\s*(?:(?<src_ip>(?:[\d+.]+|[0-9A-Za-f]*:[0-9A-Za-f]*:[0-9A-Za-f:]*))|(?<src_host>\S+))\s*:\s*(?<src_port>\d+)\s+Username\s*:\s*(?<user>.+?(?=\s+IKEv2))\s+IKEv2\s+Client\s+OS\s*:\s*(?<client_os>.+?(?=\s+Client))\s+Client\s*:\s*(?<client_name>\S+)\s+(?<client_version>.+?)[\s\.]*$"
"313005","313005:\s*No\s+matching\s+connection\s+for\s+(?<transport>\S+)\s+error\s+message\s*:\s*(?<message>icmp\s+src\s+(?<src_interface>[^:\s]+)\s*:\s*(?:(?<src_ip>(?:[\d+\.]+|[0-9A-Za-f]*:[0-9A-Za-f]*:[0-9A-Za-f:]*))|(?<src_host>[^\s\(]+))(?:\s*\(\s*(?:(?<src_nt_domain>[\S^\\]+)\\)?(?<src_user>[\w\-_]+)\s*\))?\s+dst\s+(?<dest_interface>[^:\s]+)\s*:\s*(?:(?<dest_ip>(?:[\d+\.]+|[0-9A-Za-f]*:[0-9A-Za-f]*:[0-9A-Za-f:]*))|(?<dest_host>[^\s\(]+))\s*\(\s*type\s+(?<icmp_type>\d+)\s*,\s*code\s+(?<icmp_code>\d+)\s*\))\s+on\s+(?<interface_name>\S+)\s+interface\s*\.\s*Original\s+IP\s+payload\s*:\s*(?<orig_transport>\S+)\s+src\s+(?<orig_src_ip>[^\/\s]+)\s*\/\s*(?<src_port>\d{1,5})\s+dst\s+(?<orig_dest_ip>[^\/\s]+)\s*\/\s*(?<dest_port>\d{1,5})"
"338002","338002:\s*Dynamic\s+[Ff]ilter\s+monitored\s+(?<rule>blacklist)ed\s+(?<transport>\S+)\s+traffic\s+from\s+(?<src_interface>[^:\s]+)\s*:\s*(?:(?<src_ip>(?:[\d.]+|[0-9A-Za-f]*:[0-9A-Za-f]*:[0-9A-Za-f:]*))|(?<src_host>\S+))\s*\/\s*(?<src_port>\d+)\s*\(\s*(?:(?<src_translated_ip>(?:[\d.]+|[0-9A-Za-f]*:[0-9A-Za-f]*:[0-9A-Za-f:]*))|(?<src_translated_host>\S+))\s*\/\s*(?<src_translated_port>\d+)\s*\)\s+to\s+(?<dest_interface>[^:\s]+)\s*:\s*(?:(?<dest_ip>(?:[\d.]+|[0-9A-Za-f]*:[0-9A-Za-f]*:[0-9A-Za-f:]*))|(?<dest_host>\S+))\s*\/\s*(?<dest_port>\d+)\s*\(\s*(?:(?<dest_translated_ip>(?:[\d.]+|[0-9A-Za-f]*:[0-9A-Za-f]*:[0-9A-Za-f:]*))|(?<dest_translated_host>\S+))\s*\/\s*(?<dest_translated_port>\d+)\s*\)\s*,\s+destination\s+(?:(?<malicious_ip>(?:[\d.]+|[0-9A-Za-f]*:[0-9A-Za-f]*:[0-9A-Za-f:]*))|(?<malicious_host>\S+))\s+resolved\s+from\s+(?:dynamic|local)\s+list\s*:\s+(?<domain_name>[^,\s]+)\s*,\s+threat-level\s*:\s*(?<vendor_severity>\S+)\s*,\s+category\s*:\s+(?<vendor_category>\S+)"
"713166","Headend\s*security\s+gateway\s+has\s+(?<vendor_action>\S+).+check\s+configured"
"713167","Remote\s+peer\s+has\s+(?<vendor_action>\S+)\s+"
"713185","Error\s*:\s*Username\s+too\s+long\s*-\s*connection\s+(?<action>\w+)"
"713198","User\s+Authorization\s+(?<vendor_action>[^:\s]+)\s*:\s*(?<user>\S+)"
"713199","713199: *[\S\s]*\s+counter\s*\(\s*(?<counter>\d+)\s*\)\!"
"725016","Device\s+selects\s+trust-point\s+(?<trust_point_name>\S+)\s+for\s+(?<peer_type>\S+)\s+(?<src_interface>[^:\s]+)\s*:\s*(?:(?<src_ip>(?:[\d+.]+|[0-9A-Za-f]*:[0-9A-Za-f]*:[0-9A-Za-f:]*))|(?<src_host>\S+))\s*\/\s*(?<src_port>\d{1,5})\s+to\s+(?:(?<dest_ip>(?:[\d+.]+|[0-9A-Za-f]*:[0-9A-Za-f]*:[0-9A-Za-f:]*))|(?<dest_host>\S+))\s*\/\s*(?<dest_port>\d{1,5})"
"725017","725017:\s*No\s+certificates\s+received\s+during\s+the\s+handshake\s+with\s+(?<remote_device>\S+)\s+(?<src_interface>[^\s\:]+)\s*:\s*(?:(?<src_ip>(?:[\d+.]+|[0-9A-Za-f]*:[0-9A-Za-f]*:[0-9A-Za-f:]*))|(?<src_host>\S+))\s*\/\s*(?<src_port>\d{1,5})\s+to\s+(?:(?<dest_ip>(?:[\d+.]+|[0-9A-Za-f]*:[0-9A-Za-f]*:[0-9A-Za-f:]*))|(?<dest_host>\S+))\s*\/\s*(?<dest_port>\d{1,5})\s+for\s+(?<protocol_version>\S+)\s+session"
"734001","734001:\s*DAP\s*:\s*User\s+(?<user>[^,\s]+)\s*,\s*Addr\s*(?:(?<dest_ip>(?:[\d+.]+|[0-9A-Za-f]*:[0-9A-Za-f]*:[0-9A-Za-f:]*))|(?<dest_host>\S+))\s*,\s*Connection\s*(?<type>[^:]+)\s*:.+this\s+connection\s*:\s*(?<DAP_record_names>.+)"
"734003","734003:\s*DAP\s*:\s*User\s*(?<user>[^,\s]+)\s*,\s*Addr\s*(?:(?<dest_ip>(?:[\d+.]+|[0-9A-Za-f]*:[0-9A-Za-f]*:[0-9A-Za-f:]*))|(?<dest_host>\S+))\s*:\s*Session\s*Attribute\s*(?::\s*|\s+)(?<endpoint_attribute_name>[^\/\s]+)\s*(?:\/|=)\s*\""?\s*(?<endpoint_value>(?:\w+\s+)*[\w+\.]+)\s*\""?"
"737001","IPAA\s*:\s*Session\s*=\s*(?<session>[^,\s]+)\s*,\s*Received\s+message\s+\'?\s*(?<message_type>[^']+)\s*\'?"
"737016","IPAA\s*:\s*Session\s*=\s*(?<session>[^,\s]+)\s*,\s*Freeing\s+local\s+pool\s+(?:(?<pool_name>\S+)\s+)?address\s+(?:(?<ip_address>(?:[\d+.]+|[0-9A-Za-f]*:[0-9A-Za-f]*:[0-9A-Za-f:]*))|(?<host_name>\S+))$"
"737026","IPAA\s*:\s*Session\s*=\s*(?<session>[^,\s]+)\s*,\s*Client\s+assigned\s+(?:(?<dest_ip>(?:[\d+.]+|[0-9A-Za-f]*:[0-9A-Za-f]*:[0-9A-Za-f:]*))|(?<dest_host>\S+))\s+from\s+local\s+pool(?:\s+(?<pool_name>\S+))?"
"737034","IPAA\s*:\s*Session\s*=\s*(?<session>[^,\s]+)\s*,\s*(?<ip_version>\S+)\s+address\s*:\s*(?<explanation>.+)"
"737035","IPAA\s*:\s*Session\s*=\s*(?<session>[^,\s]+)\s*,\s*\'?\s*(?<message_type>[^']+)\'?"
"746016","user-identity\s*:\s*DNS\s+lookup\s+(?:for\s+(?<fqdn>\S+)\s+)?failed\s*,\s*reason\s*:\s*(?<reason>.+)"
"713154","DNS\s+lookup\s+for\s+(?<peer_description>(?:\S+\s+)*\S+)\s+Server\s*\[\s*(?:(?<dest_ip>(?:[\d+.]+|[0-9A-Za-f]*:[0-9A-Za-f]*:[0-9A-Za-f:]*))|(?<dest_host>\S+))\s*\]\s+(?<answer>[^\!\s]+)"
"737003","IPAA\s*:\s*Session\s*=\s*(?<session>[^,\s]+)\s*,\s*(?:DHCP\s+configured\s*,\s*no\s+viable\s+servers\s+found|Local\s+pool\s+request\s+succeeded)\s+for\s+tunnel-group\s+\'?(?<tunnel_group>(?:\w+\s+)*\w+)\'?"
"737006","IPAA\s*:\s*Session\s*=\s*(?<session>[^,\s]+)\s*,\s*(?:DHCP\s+configured\s*,\s*no\s+viable\s+servers\s+found|Local\s+pool\s+request\s+succeeded)\s+for\s+tunnel-group\s+\'?(?<tunnel_group>(?:\w+\s+)*\w+)\'?"
"746012","*user-identity\s*:\s*\S+\s+IP-User\s+mapping\s+(?:(?<ip_address>(?:[\d+.]+|[0-9A-Za-f]*:[0-9A-Za-f]*:[0-9A-Za-f:]*))|(?<host_name>\S+))\s*-\s*(?<domain_name>[^\\\s]+)\s*\\\s*(?<user>\S+)\s+(?<result>\S+)\s*-\s*(?<reason>.+)"
"746013","user-identity\s*:\s*\S+\s+IP-User\s+mapping\s+(?:(?<ip_address>(?:[\d+.]+|[0-9A-Za-f]*:[0-9A-Za-f]*:[0-9A-Za-f:]*))|(?<host_name>\S+))\s*-\s*(?<domain_name>[^\\\s]+)\s*\\\s*(?<user>\S+)\s+(?<result>\S+)\s*-\s*(?<reason>.+)"
"746014","user-identity\s*:\s*\[\s*FQDN\s*\]\s+(?<fqdn>\S+)\s+\S+\s+(?:(?<ip_address>(?:[\d+.]+|[0-9A-Za-f]*:[0-9A-Za-f]*:[0-9A-Za-f:]*))|(?<host_name>\S+))"
"746015","user-identity\s*:\s*\[\s*FQDN\s*\]\s+(?<fqdn>\S+)\s+\S+\s+(?:(?<ip_address>(?:[\d+.]+|[0-9A-Za-f]*:[0-9A-Za-f]*:[0-9A-Za-f:]*))|(?<host_name>\S+))"
"605005","Login\s+(?<vendor_action>\S+)\s+from\s+(?:(?<src_ip>(?:[\d+.]+|[0-9A-Za-f]*:[0-9A-Za-f]*:[0-9A-Za-f:]*))|(?<src_host>\S+))\s*\/\s*(?<src_port>\d{1,5})\s+to\s+(?<dest_interface>[^:\s]+)\s*:\s*(?:(?<dest_ip>(?:[\d+.]+|[0-9A-Za-f]*:[0-9A-Za-f]*:[0-9A-Za-f:]*))|(?<dest_host>\S+))\s*\/\s*(?<service>\S+)\s+for\s+user\s+\""?\s*(?<user>[^""\s]+)\s*\""?"
"713160","Remote\s+user\s*\(\s*session\s*Id\s*-\s*(?<session_id>\S+)\s*\)\s+has\s+been\s+(?<action>\S+)"
"500001","(?<object>(?:ActiveX|Java)\s+content)\s+in\s+(?<object_category>java\s+script)\s+is\s+(?<action>\S+)\s*:\s*src\s+(?:(?<src_ip>(?:[\d+.]+|[0-9A-Za-f]*:[0-9A-Za-f]*:[0-9A-Za-f:]*))|(?<src_host>\S+))\s+dest\s+(?:(?<dest_ip>(?:[\d+.]+|[0-9A-Za-f]*:[0-9A-Za-f]*:[0-9A-Za-f:]*))|(?<dest_host>\S+))\s+on\s+interface\s+(?<dest_interface>\S+)"
"500002","(?<object>(?:ActiveX|Java)\s+content)\s+in\s+(?<object_category>java\s+script)\s+is\s+(?<action>\S+)\s*:\s*src\s+(?:(?<src_ip>(?:[\d+.]+|[0-9A-Za-f]*:[0-9A-Za-f]*:[0-9A-Za-f:]*))|(?<src_host>\S+))\s+dest\s+(?:(?<dest_ip>(?:[\d+.]+|[0-9A-Za-f]*:[0-9A-Za-f]*:[0-9A-Za-f:]*))|(?<dest_host>\S+))\s+on\s+interface\s+(?<dest_interface>\S+)"
"502101","(?:New)?\s*(?<object_category>[Uu]ser)\s+(?<action>\S+)\s+(?:to|from)\s+(?<object_path>local)\s+dbase\s*:\s*Uname\s*:\s*(?<user>\S+)\s+Priv\s*:\s*(?<privilege_level>\S+)\s+Encpass\s*:\s*(?<encrypted_password>\S+)"
"502102","(?:New)?\s*(?<object_category>[Uu]ser)\s+(?<action>\S+)\s+(?:to|from)\s+(?<object_path>local)\s+dbase\s*:\s*Uname\s*:\s*(?<user>\S+)\s+Priv\s*:\s*(?<privilege_level>\S+)\s+Encpass\s*:\s*(?<encrypted_password>\S+)"
"502111","(?:New\s+)?(?<object_category>[Gg]roup\s+policy)\s+(?<action>\S+)\s*:\s*name\s*:\s*(?<object>\S+)\s+Type\s*:\s*(?<policy_type>\S+)"
"502112","(?:New\s+)?(?<object_category>[Gg]roup\s+policy)\s+(?<action>\S+)\s*:\s*name\s*:\s*(?<object>\S+)\s+Type\s*:\s*(?<policy_type>\S+)"
"504001","(?<object>Security\s+context)\s+(?<context_name>\S+)\s+was\s+(?<action>\S+)"
"504002","(?<object>Security\s+context)\s+(?<context_name>\S+)\s+was\s+(?<action>\S+)"
"505001","(?<object_category>\S+)\s+(?<object>\S+)\s+(?:is\s+)?(?<action>[^\.\s]+)"
"505002","(?<object_category>\S+)\s+(?<object>\S+)\s+(?:is\s+)?(?<action>[^\.\s]+)"
"505003","(?<object_category>\S+)\s+(?<object>\S+)\s+(?:is\s+)?(?<action>[^\.\s]+)"
"505004","(?<object_category>\S+)\s+(?<object>\S+)\s+(?:is\s+)?(?<action>[^\.\s]+)"
"505005","(?<object_category>\S+)\s+(?<object>\S+)\s+(?:is\s+)?(?<action>[^\.\s]+)"
"505006","(?<object_category>\S+)\s+(?<object>\S+)\s+(?:is\s+)?(?<action>[^\.\s]+)"